﻿<?xml version="1.0" encoding="utf-8"?>
<manifest identifier="_5xu3Qx3va9l_course_id" version="1.0" xmlns="http://www.imsproject.org/xsd/imscp_rootv1p1p2" xmlns:adlcp="http://www.adlnet.org/xsd/adlcp_rootv1p2" xmlns:xsi="http://www.w3.org/2001/XMLSchema-instance" xsi:schemaLocation="http://www.imsproject.org/xsd/imscp_rootv1p1p2 imscp_rootv1p1p2.xsd http://www.imsglobal.org/xsd/imsmd_rootv1p2p1 imsmd_rootv1p2p1.xsd http://www.adlnet.org/xsd/adlcp_rootv1p2 adlcp_rootv1p2.xsd">
  <metadata>
    <schema>ADL SCORM</schema>
    <schemaversion>1.2</schemaversion>
    <lom xmlns="http://www.imsglobal.org/xsd/imsmd_rootv1p2p1" xmlns:xsi="http://www.w3.org/2001/XMLSchema-instance" xsi:schemaLocation="http://www.imsglobal.org/xsd/imsmd_rootv1p2p1 imsmd_rootv1p2p1.xsd">
      <general>
        <title>
          <langstring xml:lang="x-none">Module 0 Introduction</langstring>
        </title>
      </general>
      <lifecycle>
        <version>
          <langstring xml:lang="x-none">1</langstring>
        </version>
        <status>
          <source>
            <langstring xml:lang="x-none">LOMv1.0</langstring>
          </source>
          <value>
            <langstring xml:lang="x-none">Final</langstring>
          </value>
        </status>
      </lifecycle>
      <metametadata>
        <metadatascheme>ADL SCORM 1.2</metadatascheme>
      </metametadata>
      <educational>
        <typicallearningtime>
          <datetime>PT0H0M0S</datetime>
        </typicallearningtime>
      </educational>
      <rights>
        <cost>
          <source>
            <langstring xml:lang="x-none">LOMv1.0</langstring>
          </source>
          <value>
            <langstring xml:lang="x-none">yes</langstring>
          </value>
        </cost>
        <copyrightandotherrestrictions>
          <source>
            <langstring xml:lang="x-none">LOMv1.0</langstring>
          </source>
          <value>
            <langstring xml:lang="x-none">yes</langstring>
          </value>
        </copyrightandotherrestrictions>
      </rights>
    </lom>
  </metadata>
  <organizations default="Module_0_Introduction_ORG">
    <organization identifier="Module_0_Introduction_ORG">
      <title>Module 0 Introduction</title>
      <item identifier="WS_Module_0_Introduction_SCO" isvisible="true" identifierref="__5xu3Qx3va9l_course_id_RES">
        <title>Module 0 Introduction</title>
      </item>
    </organization>
  </organizations>
  <resources>
    <resource identifier="__5xu3Qx3va9l_course_id_RES" type="webcontent" href="index_lms.html" adlcp:scormtype="sco">
      <file href="story_content/thumbnail.jpg" />
      <file href="mobile/5zdQmEvOqDB_80_DX100_DY100_CX75_CY75.png" />
      <file href="mobile/6Rwu7xOBlxm_80_DX120_DY120_CX90_CY90.png" />
      <file href="mobile/6bFL6ba84So_80_DX120_DY120_CX90_CY90.png" />
      <file href="mobile/5Yp61nIvDqZ_80_DX120_DY120_CX90_CY90.png" />
      <file href="mobile/5rwxjrEYZ40_80_DX120_DY120_CX90_CY90.png" />
      <file href="mobile/5pMz2OMOw1W_80_DX2016_DY2016_CX1510_CY118.png" />
      <file href="mobile/60YnsARomda_80_DX316_DY316_CX237_CY94.png" />
      <file href="mobile/6iHza0ED4gT_80_DX586_DY586_CX436_CY88.png" />
      <file href="mobile/5kq70OzMC4d_80_DX286_DY286_CX214_CY123.png" />
      <file href="mobile/6dVEoXayO60_80_DX388_DY388_CX103_CY288.png" />
      <file href="mobile/6SPeFDP9q5B_80_DX270_DY270_CX141_CY73.png" />
      <file href="mobile/5VeqW7o4ypJ_80_DX2000_DY2000_CX1500_CY900.png" />
      <file href="mobile/6SPeFDP9q5B_80_DX270_DY270_CX202_CY105.png" />
      <file href="mobile/6L7hZWuMKmj_80_DX1202_DY1202_CX901_CY637.png" />
      <file href="mobile/6UEY4NSw8ER_80_DX200_DY200_CX150_CY150.png" />
      <file href="mobile/6JlwXZO2hXR_80_DX2000_DY2000_CX1500_CY900.png" />
      <file href="mobile/63i6fdLJMBg_80_DX200_DY200_CX149_CY150.png" />
      <file href="mobile/6qmG53ogoft_80_DX28_DY28_CX13_CY21.png" />
      <file href="mobile/6dVEoXayO60_80_DX248_DY248_CX66_CY185.png" />
      <file href="mobile/60YnsARomda_80_DX210_DY210_CX157_CY62.png" />
      <file href="mobile/5kq70OzMC4d_80_DX156_DY156_CX117_CY67.png" />
      <file href="mobile/6qmG53ogoft_80_DX42_DY42_CX18_CY29.png" />
      <file href="mobile/6pqyPtJZ87M_80_DX344_DY344_CX258_CY94.png" />
      <file href="mobile/6qmG53ogoft_80_DX34_DY34_CX15_CY25.png" />
      <file href="mobile/6pqyPtJZ87M_X_80_DX332_DY332_CX249_CY91.png" />
      <file href="mobile/5ZkTL3jPvuv_80_DX42_DY42_CX18_CY29.png" />
      <file href="mobile/5tFu6THIHax_80_DX128_DY128_CX96_CY75.png" />
      <file href="mobile/5ZkTL3jPvuv_80_DX34_DY34_CX15_CY25.png" />
      <file href="mobile/6hZFzhlwjHI_80_DX320_DY320_CX240_CY66.png" />
      <file href="mobile/6UeluywLLnS_80_DX390_DY390_CX285_CY64.png" />
      <file href="mobile/5nxDKH60gsr_80_DX400_DY400_CX297_CY64.png" />
      <file href="mobile/6SPeFDP9q5B_80_DX270_DY270_CX135_CY70.png" />
      <file href="mobile/6Ye2NhETb81_X_80_DX1244_DY1244_CX933_CY652.png" />
      <file href="mobile/65Y74Ag1xsS_X_80_DX1244_DY1244_CX932_CY601.png" />
      <file href="mobile/5wEdY1AH1dB_X_80_DX1244_DY1244_CX932_CY552.png" />
      <file href="mobile/6qlzt4TiPI9_X_80_DX1244_DY1244_CX902_CY486.png" />
      <file href="mobile/5ax0rid3MbD_80_DX1498_DY1498_CX1123_CY175.png" />
      <file href="mobile/6gD7nWQcKAY_80_DX82_DY82_CX60_CY43.png" />
      <file href="mobile/5iTgZ2olXrt_X_80_DX624_DY624_CX468_CY415.png" />
      <file href="mobile/69Ma3dA7bEY_80_DX844_DY844_CX630_CY157.png" />
      <file href="mobile/6qlzt4TiPI9_X_80_P_0_137_2048_966_DX1250_DY1250_CX936_CY442.png" />
      <file href="mobile/6emUL7gUAyh_80_DX132_DY132_CX85_CY85.png" />
      <file href="mobile/6TP64KFiDkQ_80_DX132_DY132_CX85_CY85.png" />
      <file href="mobile/5YHhosTM9kQ_80_DX130_DY130_CX84_CY84.png" />
      <file href="mobile/6Yt8BTNzOnE_80_DX60_DY60_CX45_CY45.png" />
      <file href="mobile/6GJjLWTjSKB_80_P_0_233_1605_1814_DX260_DY260_CX154_CY174.jpg" />
      <file href="mobile/5hE9Gi1uuQd_80_DX246_DY246_CX183_CY159.jpg" />
      <file href="mobile/5uFYCAOyBut_X_80_DX772_DY772_CX315_CY578.png" />
      <file href="mobile/6JYpQqNHNx2_80_DX84_DY84_CX56_CY51.png" />
      <file href="mobile/6faouN3kgZn_80_DX74_DY74_CX29_CY55.png" />
      <file href="mobile/6FP4acozgMj_X_80_DX722_DY722_CX295_CY541.png" />
      <file href="mobile/6JYpQqNHNx2_80_DX82_DY82_CX56_CY51.png" />
      <file href="mobile/6faouN3kgZn_80_DX76_DY76_CX30_CY57.png" />
      <file href="meta.xml" />
      <file href="story_content/user.js" />
      <file href="mobile/Shape67EaXF0YdXQ.png" />
      <file href="mobile/txt__default_6k9e6P2ent3.png" />
      <file href="mobile/txt__default_6QDUCWLER1q.png" />
      <file href="mobile/Shape68kCUdQVtsx.png" />
      <file href="mobile/txt__default_6mYqMzqmsR9.png" />
      <file href="mobile/txt__default_6pIf6XQKdlE.png" />
      <file href="mobile/Shape6koMEatlwfN.png" />
      <file href="mobile/txt__default_6TiEf4dX9vW.png" />
      <file href="mobile/txt__default_5fvgKPaT7M4.png" />
      <file href="mobile/Shape6DiaWstPNgM.png" />
      <file href="mobile/txt__default_6VO7lrBWL6O.png" />
      <file href="mobile/txt__default_5lQWC3IMFoW.png" />
      <file href="mobile/txt__default_5dh55xg6vEe.png" />
      <file href="mobile/txt__default_5Y6Q6LxJWhl.png" />
      <file href="mobile/txt__default_5eCcB67eqHk.png" />
      <file href="mobile/Shape5fAHdhNU2sX.png" />
      <file href="mobile/Shape6OfdNOh5VKn.png" />
      <file href="html5/data/css/output.min.css" />
      <file href="html5/data/js/5lFfirR2kc0.js" />
      <file href="html5/data/js/5tUSa09BP53.js" />
      <file href="html5/data/js/5UgRZdrhhYI.js" />
      <file href="html5/data/js/5vnQ0cdDx5b.js" />
      <file href="html5/data/js/5W6BfEaNHvU.js" />
      <file href="html5/data/js/5zGtI8zGasp.js" />
      <file href="html5/data/js/data.js" />
      <file href="html5/data/js/frame.js" />
      <file href="html5/data/js/paths.js" />
      <file href="html5/lib/scripts/bootstrapper.min.js" />
      <file href="html5/lib/scripts/frame.desktop.min.js" />
      <file href="html5/lib/scripts/frame.mobile.min.js" />
      <file href="html5/lib/scripts/slides.min.js" />
      <file href="html5/lib/stylesheets/desktop.min.css" />
      <file href="html5/lib/stylesheets/mobile.min.css" />
      <file href="html5/lib/stylesheets/mobile-fonts/open-sans-bold.woff" />
      <file href="html5/lib/stylesheets/mobile-fonts/open-sans-light.woff" />
      <file href="html5/lib/stylesheets/mobile-fonts/open-sans-regular.woff" />
      <file href="analytics-frame.html" />
      <file href="story.html" />
      <file href="index_lms.html" />
      <file href="lms/AICCComm.html" />
      <file href="lms/blank.html" />
      <file href="lms/browsersniff.js" />
      <file href="lms/goodbye.html" />
      <file href="lms/LICENSE.txt" />
      <file href="lms/scormdriver.js" />
    </resource>
  </resources>
</manifest>