﻿<?xml version="1.0" encoding="utf-8"?>
<manifest identifier="_6p5tobNXz4w_course_id" version="1.0" xmlns="http://www.imsproject.org/xsd/imscp_rootv1p1p2" xmlns:adlcp="http://www.adlnet.org/xsd/adlcp_rootv1p2" xmlns:xsi="http://www.w3.org/2001/XMLSchema-instance" xsi:schemaLocation="http://www.imsproject.org/xsd/imscp_rootv1p1p2 imscp_rootv1p1p2.xsd http://www.imsglobal.org/xsd/imsmd_rootv1p2p1 imsmd_rootv1p2p1.xsd http://www.adlnet.org/xsd/adlcp_rootv1p2 adlcp_rootv1p2.xsd">
  <metadata>
    <schema>ADL SCORM</schema>
    <schemaversion>1.2</schemaversion>
    <lom xmlns="http://www.imsglobal.org/xsd/imsmd_rootv1p2p1" xmlns:xsi="http://www.w3.org/2001/XMLSchema-instance" xsi:schemaLocation="http://www.imsglobal.org/xsd/imsmd_rootv1p2p1 imsmd_rootv1p2p1.xsd">
      <general>
        <title>
          <langstring xml:lang="x-none">Working_Safely_Health_and_Safety_Management_Systems</langstring>
        </title>
      </general>
      <lifecycle>
        <version>
          <langstring xml:lang="x-none">1</langstring>
        </version>
        <status>
          <source>
            <langstring xml:lang="x-none">LOMv1.0</langstring>
          </source>
          <value>
            <langstring xml:lang="x-none">Final</langstring>
          </value>
        </status>
      </lifecycle>
      <metametadata>
        <metadatascheme>ADL SCORM 1.2</metadatascheme>
      </metametadata>
      <educational>
        <typicallearningtime>
          <datetime>PT0H0M0S</datetime>
        </typicallearningtime>
      </educational>
      <rights>
        <cost>
          <source>
            <langstring xml:lang="x-none">LOMv1.0</langstring>
          </source>
          <value>
            <langstring xml:lang="x-none">yes</langstring>
          </value>
        </cost>
        <copyrightandotherrestrictions>
          <source>
            <langstring xml:lang="x-none">LOMv1.0</langstring>
          </source>
          <value>
            <langstring xml:lang="x-none">yes</langstring>
          </value>
        </copyrightandotherrestrictions>
      </rights>
    </lom>
  </metadata>
  <organizations default="Working_Safely_Health_and_Safety_Management_Systems_ORG">
    <organization identifier="Working_Safely_Health_and_Safety_Management_Systems_ORG">
      <title>Working_Safely_Health_and_Safety_Management_Systems</title>
      <item identifier="Ws_Module_1_-_Introducing_Working_Safely_AG_SCO" isvisible="true" identifierref="__6p5tobNXz4w_course_id_RES">
        <title>Working_Safely_Health_and_Safety_Management_Systems</title>
      </item>
    </organization>
  </organizations>
  <resources>
    <resource identifier="__6p5tobNXz4w_course_id_RES" type="webcontent" href="index_lms.html" adlcp:scormtype="sco">
      <file href="story_content/thumbnail.jpg" />
      <file href="mobile/5zN8HrDQcqu_80_R1010CB_DX318_DY318_CX180_CY168.png" />
      <file href="mobile/6VOQZIcr8Cu_80_Q7FFC273_DX318_DY318_CX168_CY179.png" />
      <file href="mobile/6Jxw6afHXca_80_Q78B8BFF_DX316_DY316_CX179_CY169.png" />
      <file href="mobile/688EqQPxwJ7_80_R3EAB93_Q32CD1AC_DX318_DY318_CX170_CY179.png" />
      <file href="mobile/61gvIK5FXy6_80_DX100_DY100_CX75_CY75.png" />
      <file href="mobile/5pMz2OMOw1W_80_DX2016_DY2016_CX1510_CY118.png" />
      <file href="mobile/60YnsARomda_80_DX316_DY316_CX237_CY94.png" />
      <file href="mobile/6iHza0ED4gT_80_P_0_0_1761_412_DX504_DY504_CX375_CY88.png" />
      <file href="mobile/5kq70OzMC4d_80_DX286_DY286_CX214_CY123.png" />
      <file href="mobile/6dVEoXayO60_80_DX388_DY388_CX103_CY288.png" />
      <file href="mobile/6SPeFDP9q5B_80_DX186_DY186_CX135_CY70.png" />
      <file href="mobile/6InFxIOLHwD_X_80_DX954_DY954_CX468_CY715.png" />
      <file href="mobile/69Ma3dA7bEY_80_DX844_DY844_CX630_CY157.png" />
      <file href="mobile/6gD7nWQcKAY_80_DX82_DY82_CX60_CY43.png" />
      <file href="mobile/6qmG53ogoft_80_DX42_DY42_CX18_CY29.png" />
      <file href="mobile/6pqyPtJZ87M_80_DX344_DY344_CX258_CY94.png" />
      <file href="mobile/6qmG53ogoft_80_DX34_DY34_CX15_CY25.png" />
      <file href="mobile/6pqyPtJZ87M_X_80_DX332_DY332_CX249_CY91.png" />
      <file href="mobile/5ZkTL3jPvuv_80_DX42_DY42_CX18_CY29.png" />
      <file href="mobile/5tFu6THIHax_80_DX128_DY128_CX96_CY75.png" />
      <file href="mobile/5ZkTL3jPvuv_80_DX34_DY34_CX15_CY25.png" />
      <file href="mobile/6hZFzhlwjHI_80_DX320_DY320_CX240_CY66.png" />
      <file href="mobile/6UeluywLLnS_80_DX390_DY390_CX285_CY64.png" />
      <file href="mobile/5nxDKH60gsr_80_DX400_DY400_CX297_CY64.png" />
      <file href="mobile/6Ye2NhETb81_X_80_DX1244_DY1244_CX933_CY652.png" />
      <file href="mobile/65Y74Ag1xsS_X_80_DX1244_DY1244_CX932_CY601.png" />
      <file href="mobile/5wEdY1AH1dB_X_80_DX1244_DY1244_CX932_CY552.png" />
      <file href="mobile/6qlzt4TiPI9_X_80_DX1244_DY1244_CX902_CY486.png" />
      <file href="mobile/5ax0rid3MbD_80_DX1498_DY1498_CX1123_CY175.png" />
      <file href="mobile/5VeqW7o4ypJ_80_DX2000_DY2000_CX1500_CY900.png" />
      <file href="mobile/6SPeFDP9q5B_80_DX270_DY270_CX202_CY105.png" />
      <file href="mobile/6L7hZWuMKmj_80_DX978_DY978_CX675_CY477.png" />
      <file href="mobile/6UEY4NSw8ER_80_DX200_DY200_CX150_CY150.png" />
      <file href="mobile/6JlwXZO2hXR_80_DX2000_DY2000_CX1500_CY900.png" />
      <file href="mobile/6L7hZWuMKmj_80_DX1202_DY1202_CX901_CY637.png" />
      <file href="mobile/63i6fdLJMBg_80_DX200_DY200_CX149_CY150.png" />
      <file href="mobile/6qmG53ogoft_80_DX28_DY28_CX13_CY21.png" />
      <file href="mobile/6qlzt4TiPI9_X_80_P_0_137_2048_966_DX1250_DY1250_CX936_CY442.png" />
      <file href="mobile/6SSjKWfRKqj_80_Q70000EE_DX888_DY888_CX665_CY646.png" />
      <file href="mobile/6QnQpiZDQDd_80_R120882_DX968_DY968_CX640_CY180.png" />
      <file href="story_content/5dfzifIJCsU.html" />
      <file href="mobile/5dfzifIJCsU6OMVNy0TDYo{Width=235.7251, Height=404.0475}Light_80_DX808_DY808_CX236_CY404.jpg" />
      <file href="mobile/6nuVgAlqi9E_80_R1010CB_P_223_18_195_204_DX1062_DY1062_CX195_CY204.png" />
      <file href="mobile/6nuVgAlqi9E_80_Q11C78EFF_P_445_18_195_204_DX1062_DY1062_CX195_CY204.png" />
      <file href="mobile/6nuVgAlqi9E_80_Q2FFC273_P_-2_18_201_204_DX1062_DY1062_CX201_CY204.png" />
      <file href="story_content/6GpeUmLgfPz.html" />
      <file href="mobile/6GpeUmLgfPz6HnTDIysSXY{Width=235.2685, Height=404}Light_80_DX808_DY808_CX235_CY404.jpg" />
      <file href="mobile/6SPeFDP9q5B_80_DX188_DY188_CX141_CY73.png" />
      <file href="story_content/5sd2dO1KzIh.html" />
      <file href="mobile/5sd2dO1KzIh5l1n0K9nuAO{Width=235.6974, Height=404}Light_80_DX808_DY808_CX236_CY404.jpg" />
      <file href="story_content/6Wf5EGIbthY.html" />
      <file href="mobile/6Wf5EGIbthY6UgVOq2CcOk{Width=235.6973, Height=404}Light_80_DX808_DY808_CX236_CY404.jpg" />
      <file href="story_content/5rXwj97rXMB.html" />
      <file href="mobile/5rXwj97rXMB6KmT2h2BwE8{Width=235.6974, Height=404}Light_80_DX808_DY808_CX236_CY404.jpg" />
      <file href="mobile/6W1ygS3LPfV_80_DX198_DY198_CX148_CY148.png" />
      <file href="mobile/6cJoas1EZQ3_80_DX180_DY180_CX135_CY135.png" />
      <file href="story_content/6ZlVpK9nwy4.html" />
      <file href="mobile/6ZlVpK9nwy46h7AawoWIha{Width=235.2684, Height=404}Light_80_DX808_DY808_CX235_CY404.jpg" />
      <file href="mobile/6Yt8BTNzOnE_80_DX60_DY60_CX45_CY45.png" />
      <file href="mobile/5dEyuqKT3vg_80_R1010CB_DX268_DY268_CX161_CY201.png" />
      <file href="mobile/6WdLUtPfTld_80_RFFBF6B_DX338_DY338_CX253_CY253.png" />
      <file href="mobile/6py1fsbriDh_80_DX576_DY576_CX325_CY432.png" />
      <file href="mobile/6CYiYK1BkTi_80_DX576_DY576_CX325_CY432.png" />
      <file href="story_content/5g7AvvEVwpV.html" />
      <file href="mobile/5g7AvvEVwpV5wyfb4B8RvT{Width=235.6973, Height=404}Light_80_DX808_DY808_CX236_CY404.jpg" />
      <file href="mobile/6JmQDiyGoCb_80_Q71D8B73_DX300_DY300_CX167_CY107.jpg" />
      <file href="mobile/6pFpNBhng2l_80_R1010CB_DX300_DY300_CX167_CY107.jpg" />
      <file href="story_content/5tEP0gz8HZk.html" />
      <file href="mobile/5tEP0gz8HZk5hTviSMKmL9{Width=235.2684, Height=404}Light_80_DX808_DY808_CX235_CY404.jpg" />
      <file href="story_content/6M0WS35GQl1.html" />
      <file href="mobile/6M0WS35GQl16Cp2DyTDKez{Width=235.2684, Height=404}Light_80_DX808_DY808_CX235_CY404.jpg" />
      <file href="mobile/6iHza0ED4gT_80_DX586_DY586_CX436_CY88.png" />
      <file href="mobile/6eTFgsKYrVN_80_DX188_DY188_CX141_CY73.png" />
      <file href="meta.xml" />
      <file href="story_content/user.js" />
      <file href="mobile/txt__default_5dh55xg6vEe.png" />
      <file href="mobile/txt__default_5Y6Q6LxJWhl.png" />
      <file href="mobile/txt__default_5eCcB67eqHk.png" />
      <file href="mobile/Shape5lfZr2qx28I.png" />
      <file href="mobile/Shape6omVOKCsxSu.png" />
      <file href="mobile/txt__default_5zwv3f2SAOJ.png" />
      <file href="mobile/Shape5g2gTTQi9As.png" />
      <file href="mobile/txt__default_6RykPDf5M4j.png" />
      <file href="mobile/txt__default_6TlCui8XWQ8.png" />
      <file href="mobile/txt__default_5pIjP4g2Wur.png" />
      <file href="mobile/txt__default_64LjWMzWHVF.png" />
      <file href="mobile/txt__default_5eHOR9uzlGQ.png" />
      <file href="mobile/txt__default_5nX6kUJBlno.png" />
      <file href="mobile/txt__default_6F2qqxtlhzK.png" />
      <file href="mobile/txt__default_5vCNshEBcqf.png" />
      <file href="mobile/txt__default_6TZJz2vouLN.png" />
      <file href="mobile/txt__default_5sMK1xehvrH.png" />
      <file href="mobile/txt__default_5dZyXOWeB38.png" />
      <file href="mobile/txt__default_6EuSuk64BCN.png" />
      <file href="html5/data/css/output.min.css" />
      <file href="html5/data/js/5dpB4SDP8Wc.js" />
      <file href="html5/data/js/5eSqJ7BGVGi.js" />
      <file href="html5/data/js/5h1Nf9ur5Ju.js" />
      <file href="html5/data/js/5qNySMUZOWc.js" />
      <file href="html5/data/js/5UyzCEtkOdc.js" />
      <file href="html5/data/js/5VAAXeaCn7d.js" />
      <file href="html5/data/js/5wcfKXa0O2e.js" />
      <file href="html5/data/js/5wkd8B1dbYI.js" />
      <file href="html5/data/js/5Xlxv1ZQm1B.js" />
      <file href="html5/data/js/608Up5mEBAc.js" />
      <file href="html5/data/js/61LxCivtBQb.js" />
      <file href="html5/data/js/664MzXtuRl1.js" />
      <file href="html5/data/js/6Aw2ISqTqJM.js" />
      <file href="html5/data/js/6b7KCOb2dx5.js" />
      <file href="html5/data/js/6bqF6p3eyml.js" />
      <file href="html5/data/js/6Hn6bxAnfFV.js" />
      <file href="html5/data/js/6ilLSYyY1jH.js" />
      <file href="html5/data/js/6J0xjYt4d9V.js" />
      <file href="html5/data/js/6m7SZgvJpqw.js" />
      <file href="html5/data/js/6NrWPk1KOzf.js" />
      <file href="html5/data/js/6PpdMLoevPS.js" />
      <file href="html5/data/js/6QYVuhme8Ob.js" />
      <file href="html5/data/js/6VYoBpnRM2G.js" />
      <file href="html5/data/js/data.js" />
      <file href="html5/data/js/frame.js" />
      <file href="html5/data/js/paths.js" />
      <file href="html5/lib/scripts/bootstrapper.min.js" />
      <file href="html5/lib/scripts/frame.desktop.min.js" />
      <file href="html5/lib/scripts/frame.mobile.min.js" />
      <file href="html5/lib/scripts/slides.min.js" />
      <file href="html5/lib/stylesheets/desktop.min.css" />
      <file href="html5/lib/stylesheets/mobile.min.css" />
      <file href="html5/lib/stylesheets/mobile-fonts/open-sans-bold.woff" />
      <file href="html5/lib/stylesheets/mobile-fonts/open-sans-light.woff" />
      <file href="html5/lib/stylesheets/mobile-fonts/open-sans-regular.woff" />
      <file href="analytics-frame.html" />
      <file href="story.html" />
      <file href="index_lms.html" />
      <file href="lms/AICCComm.html" />
      <file href="lms/blank.html" />
      <file href="lms/browsersniff.js" />
      <file href="lms/goodbye.html" />
      <file href="lms/scormdriver.js" />
    </resource>
  </resources>
</manifest>