﻿<?xml version="1.0" encoding="utf-8"?>
<manifest identifier="_6SaEiWXuoDm_course_id" version="1.0" xmlns="http://www.imsproject.org/xsd/imscp_rootv1p1p2" xmlns:adlcp="http://www.adlnet.org/xsd/adlcp_rootv1p2" xmlns:xsi="http://www.w3.org/2001/XMLSchema-instance" xsi:schemaLocation="http://www.imsproject.org/xsd/imscp_rootv1p1p2 imscp_rootv1p1p2.xsd http://www.imsglobal.org/xsd/imsmd_rootv1p2p1 imsmd_rootv1p2p1.xsd http://www.adlnet.org/xsd/adlcp_rootv1p2 adlcp_rootv1p2.xsd">
  <metadata>
    <schema>ADL SCORM</schema>
    <schemaversion>1.2</schemaversion>
    <lom xmlns="http://www.imsglobal.org/xsd/imsmd_rootv1p2p1" xmlns:xsi="http://www.w3.org/2001/XMLSchema-instance" xsi:schemaLocation="http://www.imsglobal.org/xsd/imsmd_rootv1p2p1 imsmd_rootv1p2p1.xsd">
      <general>
        <title>
          <langstring xml:lang="x-none">Working_Safely_Introducing_Working_Safely</langstring>
        </title>
      </general>
      <lifecycle>
        <version>
          <langstring xml:lang="x-none">1</langstring>
        </version>
        <status>
          <source>
            <langstring xml:lang="x-none">LOMv1.0</langstring>
          </source>
          <value>
            <langstring xml:lang="x-none">Final</langstring>
          </value>
        </status>
      </lifecycle>
      <metametadata>
        <metadatascheme>ADL SCORM 1.2</metadatascheme>
      </metametadata>
      <educational>
        <typicallearningtime>
          <datetime>PT0H0M0S</datetime>
        </typicallearningtime>
      </educational>
      <rights>
        <cost>
          <source>
            <langstring xml:lang="x-none">LOMv1.0</langstring>
          </source>
          <value>
            <langstring xml:lang="x-none">yes</langstring>
          </value>
        </cost>
        <copyrightandotherrestrictions>
          <source>
            <langstring xml:lang="x-none">LOMv1.0</langstring>
          </source>
          <value>
            <langstring xml:lang="x-none">yes</langstring>
          </value>
        </copyrightandotherrestrictions>
      </rights>
    </lom>
  </metadata>
  <organizations default="Working_Safely_Introducing_Working_Safely_ORG">
    <organization identifier="Working_Safely_Introducing_Working_Safely_ORG">
      <title>Working_Safely_Introducing_Working_Safely</title>
      <item identifier="Ws_Module_1_-_Introducing_Working_Safely_AG_SCO" isvisible="true" identifierref="__6SaEiWXuoDm_course_id_RES">
        <title>Working_Safely_Introducing_Working_Safely</title>
      </item>
    </organization>
  </organizations>
  <resources>
    <resource identifier="__6SaEiWXuoDm_course_id_RES" type="webcontent" href="index_lms.html" adlcp:scormtype="sco">
      <file href="story_content/thumbnail.jpg" />
      <file href="mobile/5zdQmEvOqDB_80_DX100_DY100_CX75_CY75.png" />
      <file href="mobile/5pMz2OMOw1W_80_DX2016_DY2016_CX1510_CY118.png" />
      <file href="mobile/60YnsARomda_80_DX316_DY316_CX237_CY94.png" />
      <file href="mobile/6iHza0ED4gT_80_DX586_DY586_CX436_CY88.png" />
      <file href="mobile/5kq70OzMC4d_80_DX286_DY286_CX214_CY123.png" />
      <file href="mobile/6dVEoXayO60_80_DX388_DY388_CX103_CY288.png" />
      <file href="mobile/6SPeFDP9q5B_80_DX188_DY188_CX141_CY73.png" />
      <file href="mobile/6hZFzhlwjHI_80_DX320_DY320_CX240_CY66.png" />
      <file href="mobile/6UeluywLLnS_80_DX390_DY390_CX285_CY64.png" />
      <file href="mobile/5nxDKH60gsr_80_DX400_DY400_CX297_CY64.png" />
      <file href="mobile/6SPeFDP9q5B_80_DX186_DY186_CX135_CY70.png" />
      <file href="mobile/6InFxIOLHwD_X_80_DX954_DY954_CX468_CY715.png" />
      <file href="mobile/69Ma3dA7bEY_80_DX844_DY844_CX630_CY157.png" />
      <file href="mobile/6gD7nWQcKAY_80_DX82_DY82_CX60_CY43.png" />
      <file href="mobile/6Ye2NhETb81_X_80_DX1244_DY1244_CX933_CY652.png" />
      <file href="mobile/65Y74Ag1xsS_X_80_DX1244_DY1244_CX932_CY601.png" />
      <file href="mobile/5wEdY1AH1dB_X_80_DX1244_DY1244_CX932_CY552.png" />
      <file href="mobile/6qlzt4TiPI9_X_80_DX1244_DY1244_CX902_CY486.png" />
      <file href="mobile/5ax0rid3MbD_80_DX1498_DY1498_CX1123_CY175.png" />
      <file href="mobile/5VeqW7o4ypJ_80_DX2000_DY2000_CX1500_CY900.png" />
      <file href="mobile/6SPeFDP9q5B_80_DX270_DY270_CX202_CY105.png" />
      <file href="mobile/6L7hZWuMKmj_80_DX1910_DY1910_CX1316_CY930.png" />
      <file href="mobile/6UEY4NSw8ER_80_DX200_DY200_CX150_CY150.png" />
      <file href="mobile/6JlwXZO2hXR_80_DX2000_DY2000_CX1500_CY900.png" />
      <file href="mobile/6L7hZWuMKmj_80_DX1202_DY1202_CX901_CY637.png" />
      <file href="mobile/63i6fdLJMBg_80_DX200_DY200_CX149_CY150.png" />
      <file href="mobile/6qmG53ogoft_80_DX28_DY28_CX13_CY21.png" />
      <file href="mobile/6qlzt4TiPI9_X_80_P_0_137_2048_966_DX1250_DY1250_CX936_CY442.png" />
      <file href="mobile/6qmG53ogoft_80_DX42_DY42_CX18_CY29.png" />
      <file href="mobile/6pqyPtJZ87M_80_DX344_DY344_CX258_CY94.png" />
      <file href="mobile/6qmG53ogoft_80_DX34_DY34_CX15_CY25.png" />
      <file href="mobile/6pqyPtJZ87M_X_80_DX332_DY332_CX249_CY91.png" />
      <file href="mobile/5ZkTL3jPvuv_80_DX42_DY42_CX18_CY29.png" />
      <file href="mobile/5tFu6THIHax_80_DX128_DY128_CX96_CY75.png" />
      <file href="mobile/5ZkTL3jPvuv_80_DX34_DY34_CX15_CY25.png" />
      <file href="mobile/6CJ5BK9oWr2_80_DX150_DY150_CX112_CY112.png" />
      <file href="mobile/5osWQOAVBv7_80_DX624_DY624_CX112_CY112.png" />
      <file href="mobile/5VhlzXKODnj_80_DX150_DY150_CX112_CY112.png" />
      <file href="mobile/5kVqI4LCw3c_80_DX412_DY412_CX309_CY226.png" />
      <file href="story_content/6Ap06dPK7ko.html" />
      <file href="mobile/6Ap06dPK7ko6aSSvitFPwV{Width=569.1189, Height=281.8749}Light_80_DX1138_DY1138_CX569_CY282.jpg" />
      <file href="mobile/5ajoIDVH6L8_80_DX348_DY348_CX261_CY261.png" />
      <file href="mobile/5YnSkv2O56G_80_DX348_DY348_CX261_CY261.png" />
      <file href="mobile/5osWQOAVBv7_80_DX624_DY624_CX468_CY468.png" />
      <file href="mobile/5fSS5JUxC7x_80_P_531_0_1004_2048_DX340_DY340_CX115_CY234.png" />
      <file href="mobile/6hjvRcAkIqB_80_P_446_0_1116_2048_DX338_DY338_CX126_CY232.png" />
      <file href="mobile/5k5eZXm3K4J_80_P_398_0_1074_2048_DX336_DY336_CX121_CY231.png" />
      <file href="mobile/688Va9r3exK_80_P_739_0_730_2048_DX344_DY344_CX84_CY235.png" />
      <file href="mobile/6aLzMdZjPr8_80_P_476_0_1013_2048_DX340_DY340_CX115_CY232.png" />
      <file href="mobile/6YfTvK5YlWB_80_P_297_0_811_2048_DX310_DY310_CX92_CY232.png" />
      <file href="mobile/5sGlBUE37r7_X_80_DX336_DY336_CX227_CY229.png" />
      <file href="mobile/6otcL614IqU_80_DX336_DY336_CX227_CY229.png" />
      <file href="mobile/6emUL7gUAyh_80_DX132_DY132_CX85_CY85.png" />
      <file href="mobile/6TP64KFiDkQ_80_DX132_DY132_CX85_CY85.png" />
      <file href="mobile/5YHhosTM9kQ_80_DX108_DY108_CX70_CY70.png" />
      <file href="mobile/6TP64KFiDkQ_80_DX130_DY130_CX70_CY70.png" />
      <file href="mobile/6Yt8BTNzOnE_80_DX60_DY60_CX45_CY45.png" />
      <file href="mobile/6lOOPi8SGj9_80_DX548_DY548_CX332_CY150.jpg" />
      <file href="mobile/6KnysVTPRAa_80_DX338_DY338_CX220_CY161.jpg" />
      <file href="mobile/5ekJRZ8Jo2u_80_DX524_DY524_CX326_CY110.jpg" />
      <file href="mobile/693DuYemYb1_80_DX524_DY524_CX326_CY110.jpg" />
      <file href="mobile/6UxWXE52ebq_80_P_0_106_1071_973_DX232_DY232_CX172_CY156.png" />
      <file href="mobile/6AtCCiNXznK_80_DX428_DY428_CX320_CY180.png" />
      <file href="mobile/69zQryR8Hxl_80_DX428_DY428_CX320_CY180.png" />
      <file href="mobile/64T3hvKJFPT_80_DX428_DY428_CX320_CY180.png" />
      <file href="mobile/6eTFgsKYrVN_80_DX188_DY188_CX141_CY73.png" />
      <file href="story_content/5Y3Rc2rqoUH.html" />
      <file href="mobile/5Y3Rc2rqoUH5lmIgU8NgfZ{Width=463.4071, Height=260.6664}Light_80_DX926_DY926_CX463_CY261.jpg" />
      <file href="mobile/5aE3GnaDXdq_80_DX148_DY148_CX109_CY109.png" />
      <file href="mobile/6BhQzCm1Skb_80_DX940_DY940_CX502_CY466.png" />
      <file href="story_content/5pYWn3ABuuZ.html" />
      <file href="mobile/5pYWn3ABuuZ6c1AoGcyZQ3{Width=352.8889, Height=185.6875}Light_80_DX706_DY706_CX353_CY186.jpg" />
      <file href="story_content/64IK8SuEvzP.html" />
      <file href="mobile/64IK8SuEvzP6EAKpnPQ4Ky{Width=352, Height=185.5703}Light_80_DX704_DY704_CX352_CY186.jpg" />
      <file href="mobile/6HppfYFQyOt_80_DX130_DY130_CX69_CY97.png" />
      <file href="mobile/6SHGgz77ZJT_80_P_63_0_384_500_DX162_DY162_CX93_CY121.png" />
      <file href="mobile/6QjwVSSwl3e_80_DX1646_DY1646_CX338_CY190.png" />
      <file href="mobile/5W2dUTMGyXp_80_DX1646_DY1646_CX338_CY190.png" />
      <file href="mobile/6QjwVSSwl3e_80_DX1646_DY1646_CX1234_CY694.png" />
      <file href="mobile/5W2dUTMGyXp_80_DX1646_DY1646_CX1234_CY694.png" />
      <file href="mobile/5zdQmEvOqDB_80_DX100_DY100_CX58_CY58.png" />
      <file href="mobile/5juWNl6Ip5h_80_DX764_DY764_CX480_CY325.png" />
      <file href="story_content/5oR8y8Ogxu1.html" />
      <file href="mobile/5oR8y8Ogxu165lXB3643vM{Width=601.6666, Height=338.4375}Light_80_DX1204_DY1204_CX602_CY338.jpg" />
      <file href="story_content/68BKc9OTBwy.html" />
      <file href="mobile/68BKc9OTBwy6ZIbjYR7ALa{Width=693.3333, Height=390}Light_80_DX1386_DY1386_CX693_CY390.jpg" />
      <file href="meta.xml" />
      <file href="story_content/user.js" />
      <file href="mobile/txt__default_5dh55xg6vEe.png" />
      <file href="mobile/txt__default_5Y6Q6LxJWhl.png" />
      <file href="mobile/txt__default_5eCcB67eqHk.png" />
      <file href="mobile/txt__default_60e0yJNVCLx.png" />
      <file href="mobile/txt__default_5aJu99yfuQT.png" />
      <file href="mobile/txt__default_5e1Q2n1wIhK.png" />
      <file href="mobile/txt__default_5wGgxxAzS0H.png" />
      <file href="mobile/txt__default_62Tdpd5459o.png" />
      <file href="mobile/txt__default_5pt9sNnCa97.png" />
      <file href="mobile/txt__default_6mKcWmydMZb.png" />
      <file href="mobile/txt__default_6ndYrM9m1L5.png" />
      <file href="mobile/Shape6bXwKiiVxzL.png" />
      <file href="mobile/Shape6iQ9aHm4RQP.png" />
      <file href="mobile/Shape6AhvWhLgESa.png" />
      <file href="mobile/txt__default_5vlUdlKRf6m.png" />
      <file href="mobile/txt__default_62IqjKpWnpq.png" />
      <file href="mobile/txt__default_6mroP4p8DjT.png" />
      <file href="mobile/Shape6psCniRbsCY.png" />
      <file href="mobile/Shape5bKy3AI92IJ.png" />
      <file href="mobile/Shape5gIFFcv1MOw.png" />
      <file href="mobile/txt__default_6RS2gkgSdAA.png" />
      <file href="mobile/txt__default_64NO4rExSsh.png" />
      <file href="mobile/txt__default_6kxgNQHixIQ.png" />
      <file href="mobile/Shape6BhyPZwJQ90.png" />
      <file href="mobile/Shape5a9R8ctQwkV.png" />
      <file href="mobile/Shape6fUqG28Wyh2.png" />
      <file href="mobile/txt__default_5sWzis4Vl8S.png" />
      <file href="mobile/txt__default_6lewHdu55a9.png" />
      <file href="mobile/txt__default_6ij2s6n9FEw.png" />
      <file href="mobile/Shape5kQuFEHewso.png" />
      <file href="mobile/Shape6jvH7sH1qbo.png" />
      <file href="mobile/txt__default_5gFrVPNX44j.png" />
      <file href="mobile/txt__default_6V6CsVU3Ezs.png" />
      <file href="mobile/txt__default_6Ax8asEHrzf.png" />
      <file href="mobile/Shape5UlbCTGvWfb.png" />
      <file href="mobile/Shape6A4VpaJQvzw.png" />
      <file href="mobile/Shape5dYlJLMsJdy.png" />
      <file href="mobile/Shape6NGEPM7jAs9.png" />
      <file href="mobile/Shape5cusCzL8SFO.png" />
      <file href="mobile/Shape5nyp1BnVMO4.png" />
      <file href="mobile/Shape6eCFqki58qX.png" />
      <file href="mobile/Shape5erKXR0jifm.png" />
      <file href="mobile/txt__default_66OT5kXSRFr.png" />
      <file href="mobile/txt__default_5lSDhC74Gkq.png" />
      <file href="mobile/txt__default_68mKfcfy5Jd.png" />
      <file href="mobile/Shape5W0wwsmIOZ4.png" />
      <file href="mobile/Shape6guBr3lkOQE.png" />
      <file href="mobile/txt__default_5nZRtz0IfiA.png" />
      <file href="mobile/txt__default_6QXOznb0YCo.png" />
      <file href="mobile/txt__default_60NhMbwLlyr.png" />
      <file href="mobile/txt__default_66uiK7wDTBW.png" />
      <file href="mobile/txt__default_62FwTv0aw6I.png" />
      <file href="mobile/txt__default_5t2WvroAaAS.png" />
      <file href="mobile/txt__default_6NccSNxtpcg.png" />
      <file href="mobile/txt__default_5tTnTc8Gb79.png" />
      <file href="mobile/txt__default_5vxpSsSVgj3.png" />
      <file href="mobile/txt__default_5XHHzWnWY0L.png" />
      <file href="mobile/txt__default_62QxXHWrgPH.png" />
      <file href="mobile/txt__default_5mwdd0lLjvr.png" />
      <file href="mobile/txt__default_5rvW6Qdmu37.png" />
      <file href="html5/data/css/output.min.css" />
      <file href="html5/data/js/5cfgiLRKTOD.js" />
      <file href="html5/data/js/5d8zHAfED1O.js" />
      <file href="html5/data/js/5fMs6QsJskP.js" />
      <file href="html5/data/js/5i9ZGEeD17G.js" />
      <file href="html5/data/js/5jvXgPY8cwP.js" />
      <file href="html5/data/js/5nN2OuMrNSG.js" />
      <file href="html5/data/js/5noa8LjzGz8.js" />
      <file href="html5/data/js/5pP1mU4vdBA.js" />
      <file href="html5/data/js/5rdKosTyx3h.js" />
      <file href="html5/data/js/5rLjLwidF7Y.js" />
      <file href="html5/data/js/5t2VcLVWdDR.js" />
      <file href="html5/data/js/5yqBQukzmSL.js" />
      <file href="html5/data/js/61R9Y3WZglU.js" />
      <file href="html5/data/js/63hbVNOLbLr.js" />
      <file href="html5/data/js/63qXh2znlBV.js" />
      <file href="html5/data/js/65uzUcZ4IQM.js" />
      <file href="html5/data/js/69VJ8vtuV6a.js" />
      <file href="html5/data/js/6bKQBldiTUn.js" />
      <file href="html5/data/js/6BM3ajb1h4N.js" />
      <file href="html5/data/js/6FAFGxJutC5.js" />
      <file href="html5/data/js/6GePCtVazOg.js" />
      <file href="html5/data/js/6HrHTpcbN8h.js" />
      <file href="html5/data/js/6IEUKAEh096.js" />
      <file href="html5/data/js/6iq7oTLnYJD.js" />
      <file href="html5/data/js/6j8m0Sl20s7.js" />
      <file href="html5/data/js/6LNO6SnaNFD.js" />
      <file href="html5/data/js/6maCBdNBed6.js" />
      <file href="html5/data/js/6o1WDzniQSS.js" />
      <file href="html5/data/js/6P48WAFWPL3.js" />
      <file href="html5/data/js/6RvrGE4WvuP.js" />
      <file href="html5/data/js/6TK8lRWNObt.js" />
      <file href="html5/data/js/data.js" />
      <file href="html5/data/js/frame.js" />
      <file href="html5/data/js/paths.js" />
      <file href="html5/lib/scripts/bootstrapper.min.js" />
      <file href="html5/lib/scripts/frame.desktop.min.js" />
      <file href="html5/lib/scripts/frame.mobile.min.js" />
      <file href="html5/lib/scripts/slides.min.js" />
      <file href="html5/lib/stylesheets/desktop.min.css" />
      <file href="html5/lib/stylesheets/mobile.min.css" />
      <file href="html5/lib/stylesheets/mobile-fonts/open-sans-bold.woff" />
      <file href="html5/lib/stylesheets/mobile-fonts/open-sans-light.woff" />
      <file href="html5/lib/stylesheets/mobile-fonts/open-sans-regular.woff" />
      <file href="analytics-frame.html" />
      <file href="story.html" />
      <file href="index_lms.html" />
      <file href="lms/AICCComm.html" />
      <file href="lms/blank.html" />
      <file href="lms/browsersniff.js" />
      <file href="lms/goodbye.html" />
      <file href="lms/scormdriver.js" />
    </resource>
  </resources>
</manifest>