﻿<?xml version="1.0" encoding="utf-8"?>
<manifest identifier="_5V2OIkQHOOl_course_id" version="1.0" xmlns="http://www.imsproject.org/xsd/imscp_rootv1p1p2" xmlns:adlcp="http://www.adlnet.org/xsd/adlcp_rootv1p2" xmlns:xsi="http://www.w3.org/2001/XMLSchema-instance" xsi:schemaLocation="http://www.imsproject.org/xsd/imscp_rootv1p1p2 imscp_rootv1p1p2.xsd http://www.imsglobal.org/xsd/imsmd_rootv1p2p1 imsmd_rootv1p2p1.xsd http://www.adlnet.org/xsd/adlcp_rootv1p2 adlcp_rootv1p2.xsd">
  <metadata>
    <schema>ADL SCORM</schema>
    <schemaversion>1.2</schemaversion>
    <lom xmlns="http://www.imsglobal.org/xsd/imsmd_rootv1p2p1" xmlns:xsi="http://www.w3.org/2001/XMLSchema-instance" xsi:schemaLocation="http://www.imsglobal.org/xsd/imsmd_rootv1p2p1 imsmd_rootv1p2p1.xsd">
      <general>
        <title>
          <langstring xml:lang="x-none">Working_Safely_Systems_and_Procedures</langstring>
        </title>
      </general>
      <lifecycle>
        <version>
          <langstring xml:lang="x-none">1</langstring>
        </version>
        <status>
          <source>
            <langstring xml:lang="x-none">LOMv1.0</langstring>
          </source>
          <value>
            <langstring xml:lang="x-none">Final</langstring>
          </value>
        </status>
      </lifecycle>
      <metametadata>
        <metadatascheme>ADL SCORM 1.2</metadatascheme>
      </metametadata>
      <educational>
        <typicallearningtime>
          <datetime>PT0H0M0S</datetime>
        </typicallearningtime>
      </educational>
      <rights>
        <cost>
          <source>
            <langstring xml:lang="x-none">LOMv1.0</langstring>
          </source>
          <value>
            <langstring xml:lang="x-none">yes</langstring>
          </value>
        </cost>
        <copyrightandotherrestrictions>
          <source>
            <langstring xml:lang="x-none">LOMv1.0</langstring>
          </source>
          <value>
            <langstring xml:lang="x-none">yes</langstring>
          </value>
        </copyrightandotherrestrictions>
      </rights>
    </lom>
  </metadata>
  <organizations default="Working_Safely_Systems_and_Procedures_ORG">
    <organization identifier="Working_Safely_Systems_and_Procedures_ORG">
      <title>Working_Safely_Systems_and_Procedures</title>
      <item identifier="Ws_Module_1_-_Introducing_Working_Safely_AG_SCO" isvisible="true" identifierref="__5V2OIkQHOOl_course_id_RES">
        <title>Working_Safely_Systems_and_Procedures</title>
      </item>
    </organization>
  </organizations>
  <resources>
    <resource identifier="__5V2OIkQHOOl_course_id_RES" type="webcontent" href="index_lms.html" adlcp:scormtype="sco">
      <file href="story_content/thumbnail.jpg" />
      <file href="mobile/6Yt8BTNzOnE_80_DX60_DY60_CX45_CY45.png" />
      <file href="mobile/5fitKH2Ck4Y_80_DX124_DY124_CX93_CY93.png" />
      <file href="mobile/6C6wwK1vf5p_80_P_0_74_500_360_DX202_DY202_CX130_CY94.png" />
      <file href="mobile/6keK0VvJzkX_80_DX140_DY140_CX105_CY105.png" />
      <file href="mobile/5iag1ymBO2G_80_DX128_DY128_CX96_CY96.png" />
      <file href="mobile/6U5lHplE8XQ_80_DX166_DY166_CX124_CY124.png" />
      <file href="mobile/5pMz2OMOw1W_80_DX2016_DY2016_CX1510_CY118.png" />
      <file href="mobile/60YnsARomda_80_DX316_DY316_CX237_CY94.png" />
      <file href="mobile/6iHza0ED4gT_80_DX586_DY586_CX436_CY88.png" />
      <file href="mobile/5kq70OzMC4d_80_DX286_DY286_CX214_CY123.png" />
      <file href="mobile/6dVEoXayO60_80_DX388_DY388_CX103_CY288.png" />
      <file href="mobile/6SPeFDP9q5B_80_DX188_DY188_CX141_CY73.png" />
      <file href="mobile/6qmG53ogoft_80_DX42_DY42_CX18_CY29.png" />
      <file href="mobile/6pqyPtJZ87M_80_DX344_DY344_CX258_CY94.png" />
      <file href="mobile/6qmG53ogoft_80_DX34_DY34_CX15_CY25.png" />
      <file href="mobile/6pqyPtJZ87M_X_80_DX332_DY332_CX249_CY91.png" />
      <file href="mobile/5ZkTL3jPvuv_80_DX42_DY42_CX18_CY29.png" />
      <file href="mobile/5tFu6THIHax_80_DX128_DY128_CX96_CY75.png" />
      <file href="mobile/5ZkTL3jPvuv_80_DX34_DY34_CX15_CY25.png" />
      <file href="mobile/6hZFzhlwjHI_80_DX320_DY320_CX240_CY66.png" />
      <file href="mobile/6UeluywLLnS_80_DX390_DY390_CX285_CY64.png" />
      <file href="mobile/5nxDKH60gsr_80_DX400_DY400_CX297_CY64.png" />
      <file href="mobile/6SPeFDP9q5B_80_DX186_DY186_CX135_CY70.png" />
      <file href="mobile/6Ye2NhETb81_X_80_DX1244_DY1244_CX933_CY652.png" />
      <file href="mobile/65Y74Ag1xsS_X_80_DX1244_DY1244_CX932_CY601.png" />
      <file href="mobile/5wEdY1AH1dB_X_80_DX1244_DY1244_CX932_CY552.png" />
      <file href="mobile/6qlzt4TiPI9_X_80_DX1244_DY1244_CX902_CY486.png" />
      <file href="mobile/5ax0rid3MbD_80_DX1498_DY1498_CX1123_CY175.png" />
      <file href="mobile/6gD7nWQcKAY_80_DX82_DY82_CX60_CY43.png" />
      <file href="mobile/6E65mM98DQf_X_80_DX818_DY818_CX467_CY613.png" />
      <file href="mobile/69Ma3dA7bEY_80_DX844_DY844_CX630_CY157.png" />
      <file href="mobile/5VeqW7o4ypJ_80_DX2000_DY2000_CX1500_CY900.png" />
      <file href="mobile/6SPeFDP9q5B_80_DX270_DY270_CX202_CY105.png" />
      <file href="mobile/6L7hZWuMKmj_80_DX1202_DY1202_CX901_CY637.png" />
      <file href="mobile/6UEY4NSw8ER_80_DX200_DY200_CX150_CY150.png" />
      <file href="mobile/6JlwXZO2hXR_80_DX2000_DY2000_CX1500_CY900.png" />
      <file href="mobile/63i6fdLJMBg_80_DX200_DY200_CX149_CY150.png" />
      <file href="mobile/6qmG53ogoft_80_DX28_DY28_CX13_CY21.png" />
      <file href="mobile/6qlzt4TiPI9_X_80_P_0_137_2048_966_DX1250_DY1250_CX936_CY442.png" />
      <file href="mobile/6E65mM98DQf_X_80_DX822_DY822_CX468_CY615.png" />
      <file href="mobile/5f33BfJHxHs_80_R120882_DX202_DY202_CX133_CY142.png" />
      <file href="mobile/5k1dzhd01S0_X_80_R7014CB_DX194_DY194_CX145_CY145.png" />
      <file href="mobile/6237acba796_80_Q2FFC273_DX218_DY218_CX159_CY159.png" />
      <file href="mobile/6237acba796_80_DX218_DY218_CX163_CY163.png" />
      <file href="mobile/6IQlI6enNuo_80_DX216_DY216_CX162_CY162.png" />
      <file href="mobile/61gvIK5FXy6_80_DX100_DY100_CX75_CY75.png" />
      <file href="mobile/6eql3L6a0Ru_80_R7373FF_P_0_0_120_107_DX204_DY204_CX120_CY107.png" />
      <file href="mobile/6dCzKvpUReh_80_RC675FF_DX190_DY190_CX120_CY120.png" />
      <file href="mobile/5f713cGENrx_80_DX246_DY246_CX184_CY93.png" />
      <file href="mobile/5jjJ1BnVdmH_80_DX872_DY872_CX432_CY633.png" />
      <file href="mobile/60dNarPATov_80_DX148_DY148_CX108_CY108.png" />
      <file href="mobile/5kFj34seqI8_80_DX140_DY140_CX100_CY100.png" />
      <file href="mobile/5otJwztLQRJ_80_DX110_DY110_CX81_CY81.png" />
      <file href="mobile/5XdBryF7Ig9_80_R120882_DX754_DY754_CX402_CY565.png" />
      <file href="mobile/5hD3zaLS1cu_80_DX110_DY110_CX82_CY82.png" />
      <file href="mobile/6ImXOYmA1vK_80_DX110_DY110_CX70_CY82.png" />
      <file href="mobile/6o0r2hS7fnV_80_DX114_DY114_CX85_CY82.png" />
      <file href="mobile/5aLGjGjYPML_80_DX110_DY110_CX78_CY82.png" />
      <file href="mobile/5epgTKpIYTq_80_DX114_DY114_CX85_CY85.png" />
      <file href="mobile/623OXNYbjxA_80_DX124_DY124_CX93_CY93.png" />
      <file href="mobile/5fitKH2Ck4Y_80_DX124_DY124_CX87_CY87.png" />
      <file href="mobile/6i6fJMP4B7u_80_DX120_DY120_CX90_CY90.png" />
      <file href="mobile/5hwGHgQKVS6_80_DX324_DY324_CX185_CY243.png" />
      <file href="mobile/68ShdBl75MP_80_R120882_DX240_DY240_CX180_CY180.png" />
      <file href="mobile/5k1dzhd01S0_X_80_R7014CB_DX194_DY194_CX142_CY142.png" />
      <file href="mobile/5r4d8Ka8s1B_80_DX208_DY208_CX156_CY156.png" />
      <file href="mobile/6orjPHGV93R_80_DX220_DY220_CX165_CY165.png" />
      <file href="mobile/6YvGr7G4VHh_80_DX220_DY220_CX156_CY165.png" />
      <file href="mobile/5aTo0UDKSWG_80_DX196_DY196_CX146_CY142.png" />
      <file href="mobile/6XQJvw3bU0W_80_R9BFFFE_DX210_DY210_CX133_CY156.png" />
      <file href="mobile/6O57VMpivf9_80_R7014CB_Q3FFFFFF_DX240_DY240_CX180_CY180.png" />
      <file href="mobile/5nNZRCWkK3t_80_C-29_RD06E00_DX240_DY240_CX118_CY180.png" />
      <file href="mobile/5caxGpo0DUT_80_P_0_134_500_250_DX184_DY184_CX102_CY51.png" />
      <file href="mobile/5kbIcBjEhlX_80_DX166_DY166_CX106_CY115.png" />
      <file href="mobile/6QIseHit2dz_80_P_0_46_500_396_DX208_DY208_CX133_CY105.png" />
      <file href="mobile/6MT6GiLoKVp_80_DX234_DY234_CX152_CY93.png" />
      <file href="mobile/6aklwjCVTtM_80_DX178_DY178_CX115_CY115.png" />
      <file href="mobile/5vbSsYYweMq_80_DX182_DY182_CX117_CY115.png" />
      <file href="mobile/6c7jcl45lsp_80_DX226_DY226_CX168_CY121.png" />
      <file href="mobile/6Ps4qwim6Sy_80_DX226_DY226_CX168_CY141.png" />
      <file href="mobile/6SpudrWptwC_80_DX226_DY226_CX168_CY141.png" />
      <file href="mobile/5i4U8nqz0by_80_DX188_DY188_CX112_CY112.png" />
      <file href="mobile/6EyBc82soUU_80_DX188_DY188_CX116_CY116.png" />
      <file href="mobile/6VdYoJE1Grq_80_DX218_DY218_CX163_CY163.png" />
      <file href="mobile/5Z4MJW03MAE_80_P_88_61_448_444_DX276_DY276_CX141_CY139.png" />
      <file href="mobile/6VKnvfJdm2J_80_DX188_DY188_CX116_CY116.png" />
      <file href="mobile/5aUdTUcV389_80_DX200_DY200_CX150_CY132.jpg" />
      <file href="mobile/6D8wLNbAmPD_80_DX202_DY202_CX150_CY151.jpg" />
      <file href="mobile/6SpudrWptwC_80_DX224_DY224_CX127_CY106.png" />
      <file href="mobile/6SpudrWptwC_80_RFFBF6B_DX224_DY224_CX127_CY106.png" />
      <file href="mobile/5i4U8nqz0by_80_DX188_DY188_CX84_CY84.png" />
      <file href="mobile/5i4U8nqz0by_80_RFFBF6B_DX188_DY188_CX84_CY84.png" />
      <file href="mobile/6EyBc82soUU_80_DX188_DY188_CX106_CY106.png" />
      <file href="mobile/6EyBc82soUU_80_RFFBF6B_DX188_DY188_CX106_CY106.png" />
      <file href="mobile/5Z4MJW03MAE_80_P_88_61_448_444_DX276_DY276_CX107_CY106.png" />
      <file href="mobile/5Z4MJW03MAE_80_RFFBF6B_P_88_61_448_444_DX276_DY276_CX107_CY106.png" />
      <file href="mobile/5VXaXZxdeSi_80_DX142_DY142_CX106_CY106.png" />
      <file href="mobile/5VXaXZxdeSi_80_RFFBF6B_DX142_DY142_CX106_CY106.png" />
      <file href="mobile/6oPIINMbhnt_80_DX964_DY964_CX723_CY431.png" />
      <file href="mobile/6190hRIBThO_80_DX1018_DY1018_CX763_CY183.png" />
      <file href="mobile/6eTFgsKYrVN_80_DX188_DY188_CX141_CY73.png" />
      <file href="mobile/6ATHuuSFP3T_80_DX448_DY448_CX336_CY296.png" />
      <file href="meta.xml" />
      <file href="story_content/user.js" />
      <file href="mobile/Shape6QGxTGDV1mr.png" />
      <file href="mobile/Shape5dcXrZcErPc.png" />
      <file href="mobile/Shape5fg0m3ZxecG.png" />
      <file href="mobile/Shape6NnfsAWSfer.png" />
      <file href="mobile/Shape5pv5Fu7sVpy.png" />
      <file href="mobile/txt__default_5dh55xg6vEe.png" />
      <file href="mobile/txt__default_5Y6Q6LxJWhl.png" />
      <file href="mobile/txt__default_5eCcB67eqHk.png" />
      <file href="mobile/txt__default_6At9GVdSnmF.png" />
      <file href="mobile/txt__default_6E3Ty9srjmu.png" />
      <file href="mobile/txt__default_6T9CTOvMbcU.png" />
      <file href="mobile/Shape6bgUbRhquEN.png" />
      <file href="mobile/Shape5byiknVKiAT.png" />
      <file href="mobile/Shape6XooPfnIEcV.png" />
      <file href="mobile/Shape5dPEUoRf3cl.png" />
      <file href="mobile/Shape5yGQxKwIhnG.png" />
      <file href="mobile/Shape5j8OZe7i44o.png" />
      <file href="mobile/Shape6O7dHRUpWIa.png" />
      <file href="mobile/Shape5peqwBBxISU.png" />
      <file href="mobile/Shape6igjsrhVtWL.png" />
      <file href="mobile/Shape6e9jCdTNk5m.png" />
      <file href="mobile/Shape6Sx2oqbK6Os.png" />
      <file href="mobile/Shape6lfSlJTiNDz.png" />
      <file href="mobile/Shape65gULm6IurY.png" />
      <file href="mobile/Shape5Ziw43WSqta.png" />
      <file href="mobile/txt__default_6Y0mAXrJp01.png" />
      <file href="mobile/Shape6cARuP4tJTo.png" />
      <file href="mobile/txt__default_5hAFS77p2bV.png" />
      <file href="mobile/txt__default_6I6O5ppoxja.png" />
      <file href="mobile/txt__default_6rW3DAV4n5u.png" />
      <file href="mobile/txt__default_6ZpBCJ7bxBS.png" />
      <file href="mobile/txt__default_6V4Xe9Qf9W3.png" />
      <file href="mobile/txt__default_6k0WcLtElEZ.png" />
      <file href="mobile/txt__default_66rYjihfQ0H.png" />
      <file href="mobile/txt__default_6dO4Nfeo7dB.png" />
      <file href="mobile/txt__default_5YacShdyoJh.png" />
      <file href="mobile/txt__default_5cGD6QxaLsF.png" />
      <file href="mobile/txt__default_62f1s6WVxl6.png" />
      <file href="mobile/txt__default_5xXGuaIoGZg.png" />
      <file href="mobile/Shape5hjsSm6ce7U.png" />
      <file href="mobile/Shape6Ruo1x3mLhf.png" />
      <file href="mobile/Shape6m4FEHMcBaX.png" />
      <file href="mobile/Shape6DyA8ktQCEc.png" />
      <file href="mobile/Shape5y9Ky6pnSdb.png" />
      <file href="mobile/Shape6NxkRKOnzxk.png" />
      <file href="html5/data/css/output.min.css" />
      <file href="html5/data/js/5fSx6HMUHP5.js" />
      <file href="html5/data/js/5hZCUCq9p51.js" />
      <file href="html5/data/js/5oBg7cAvRzB.js" />
      <file href="html5/data/js/5pjDDzgmnZa.js" />
      <file href="html5/data/js/5qCZk4cMWAX.js" />
      <file href="html5/data/js/5sRjchKwVL5.js" />
      <file href="html5/data/js/5xh7NhwSWAI.js" />
      <file href="html5/data/js/5Z8kshqDejX.js" />
      <file href="html5/data/js/6dHAoWbU7Ep.js" />
      <file href="html5/data/js/6E2LGuw67iC.js" />
      <file href="html5/data/js/6FRQ2oUuzcE.js" />
      <file href="html5/data/js/6KL64fxwMOA.js" />
      <file href="html5/data/js/6m3XkEFmpsE.js" />
      <file href="html5/data/js/6oAQCvLaA2r.js" />
      <file href="html5/data/js/6ofRWVux4hM.js" />
      <file href="html5/data/js/6ok8zmrbeAw.js" />
      <file href="html5/data/js/6QATALoY3y1.js" />
      <file href="html5/data/js/6Qo2CsiqW9w.js" />
      <file href="html5/data/js/6RZqpgJptWD.js" />
      <file href="html5/data/js/6VFGUGMhKUB.js" />
      <file href="html5/data/js/6VsmRDrnC9B.js" />
      <file href="html5/data/js/6WpUtsBdKnf.js" />
      <file href="html5/data/js/data.js" />
      <file href="html5/data/js/frame.js" />
      <file href="html5/data/js/paths.js" />
      <file href="html5/lib/scripts/bootstrapper.min.js" />
      <file href="html5/lib/scripts/frame.desktop.min.js" />
      <file href="html5/lib/scripts/frame.mobile.min.js" />
      <file href="html5/lib/scripts/slides.min.js" />
      <file href="html5/lib/stylesheets/desktop.min.css" />
      <file href="html5/lib/stylesheets/mobile.min.css" />
      <file href="html5/lib/stylesheets/mobile-fonts/open-sans-bold.woff" />
      <file href="html5/lib/stylesheets/mobile-fonts/open-sans-light.woff" />
      <file href="html5/lib/stylesheets/mobile-fonts/open-sans-regular.woff" />
      <file href="analytics-frame.html" />
      <file href="story.html" />
      <file href="index_lms.html" />
      <file href="lms/AICCComm.html" />
      <file href="lms/blank.html" />
      <file href="lms/browsersniff.js" />
      <file href="lms/goodbye.html" />
      <file href="lms/scormdriver.js" />
    </resource>
  </resources>
</manifest>